,0
0,https://live.staticflickr.com/681/23136936523_ce6c5da99d_o.jpg
1,https://live.staticflickr.com/3359/3417072715_050dd3e2fc_o.jpg
2,https://live.staticflickr.com/5008/5253752488_a508af22d6_o.jpg
3,https://live.staticflickr.com/3416/3274050079_6b8cbbf343_o.jpg
4,https://live.staticflickr.com/4190/34614213835_2899e709fe_o.jpg
5,https://live.staticflickr.com/3297/3417881692_bfbaa0d0c9_o.jpg
6,https://live.staticflickr.com/2534/4243384216_c230545c77_o.png
7,https://live.staticflickr.com/3610/3417881194_5893c973f6_o.jpg
8,https://live.staticflickr.com/3647/3417073181_23b82548ca_o.jpg
9,
10,https://live.staticflickr.com/7123/7620628356_44b7e84505_o.jpg
11,
12,https://live.staticflickr.com/2014/2155694488_88c5928d0d_o.jpg
13,https://live.staticflickr.com/3573/3404777437_7267fdb346_o.jpg
14,https://live.staticflickr.com/3432/3404777923_a4cb9a36d9_o.jpg
15,https://live.staticflickr.com/3027/3113031049_02001986a8_o.jpg
16,https://live.staticflickr.com/3165/2725166339_1137bb0085_o.jpg
17,https://live.staticflickr.com/197/524806551_55dd70a8ed_o.jpg
18,https://live.staticflickr.com/12/16614440_271776f089_o.jpg
19,https://live.staticflickr.com/5529/11621095875_1612f97300_o.jpg
20,
21,https://live.staticflickr.com/5169/5205704433_3daa2d7dbd_o.jpg
22,https://live.staticflickr.com/4391/36652293565_d2ce179909_o.jpg
23,
24,https://live.staticflickr.com/65535/51430603732_196d780327_o.png
25,
26,https://live.staticflickr.com/5602/15562724988_5ce060a688_o.jpg
27,https://live.staticflickr.com/3932/15556469022_1045624fd1_o.jpg
28,https://live.staticflickr.com/94/222695163_003b0451f9_o.jpg
29,
30,https://live.staticflickr.com/3013/2831674801_935549b434_o.jpg
31,https://live.staticflickr.com/4858/46918386252_852ec86241_o.jpg
32,https://live.staticflickr.com/3080/3142119745_11f2960c95_o.jpg
33,https://live.staticflickr.com/2114/32220265884_e74d67b212_o.jpg
34,https://live.staticflickr.com/65535/49636456066_cfbf99ccd4_o.jpg
35,
36,https://live.staticflickr.com/129/318457332_ce20a3bb36_o.jpg
37,https://live.staticflickr.com/1263/5132809596_acafd9abea_o.png
38,
39,https://live.staticflickr.com/2927/14035834944_9125d309ca_o.jpg
40,https://live.staticflickr.com/4360/36466652165_47ac2d5a8f_o.jpg
41,https://live.staticflickr.com/65535/48013068248_f7e0878bb7_o.jpg
42,
43,https://live.staticflickr.com/2647/4093374330_ee559e050c_o.jpg
44,https://live.staticflickr.com/65535/48013142272_cd0b2d5216_o.jpg
45,
46,https://live.staticflickr.com/200/463407927_ec0ccd6950_o.jpg
47,https://live.staticflickr.com/2441/4092608459_768ff3eb3e_o.jpg
48,https://live.staticflickr.com/65535/51472251322_fba9aa98d9_o.jpg
49,
